"äàòà";"ññûëêà";"äàííûå"
"2021-11-24 16:19:33";"https://daniel.haxx.se/blog/2020/03/01/imagining-a-thread-safe-curl_global_init/";"libcurl is thread-safe, But, curl_global_init, The problems, Third parties shaped up, we didn&#8217;t, Fix it!, Left to do until completely thread-safe, When?, Credits, "
"2021-11-24 16:19:36";"https://www.avito.ru/sankt-peterburg/avtomobili/mazda/cx-5-ASgBAgICAkTgtg3mmCjitg2Uoyg?cd=1&radius=0";"2Â 692Â 000, 2Â 692Â 000, 2Â 156Â 000, 2Â 156Â 000, 2Â 059Â 000, 2Â 059Â 000, 2Â 752Â 000, 2Â 053Â 000, 2Â 692Â 000, 2Â 692Â 000, 2Â 033Â 000, 2Â 589Â 000, 2Â 053Â 000, 2Â 474Â 000, 2Â 752Â 000, 2Â 752Â 000, 2Â 156Â 000, 2Â 156Â 000, 2Â 119Â 000, 2Â 692Â 000, 2Â 610Â 000, 2Â 775Â 000, 2Â 474Â 000, 2Â 890Â 000, 2Â 119Â 000, 2Â 459Â 000, 2Â 732Â 000, 2Â 594Â 000, 2Â 940Â 000, 2Â 459Â 000, 2Â 119Â 000, 2Â 594Â 000, 2Â 098Â 000, 2Â 119Â 000, 2Â 738Â 000, 2Â 738Â 000, 2Â 636Â 000, 2Â 610Â 000, 2Â 459Â 000, 2Â 225Â 000, 2Â 133Â 000, 2Â 769Â 000, 2Â 504Â 000, "

"2021-11-24 16:19:38";"https://daniel.haxx.se/blog/2020/03/01/imagining-a-thread-safe-curl_global_init/";"libcurl is thread-safe, But, curl_global_init, The problems, Third parties shaped up, we didn&#8217;t, Fix it!, Left to do until completely thread-safe, When?, Credits, "
"2021-11-24 16:19:41";"https://www.avito.ru/sankt-peterburg/avtomobili/mazda/cx-5-ASgBAgICAkTgtg3mmCjitg2Uoyg?cd=1&radius=0";"2Â 692Â 000, 2Â 692Â 000, 2Â 156Â 000, 2Â 156Â 000, 2Â 059Â 000, 2Â 059Â 000, 2Â 752Â 000, 2Â 053Â 000, 2Â 610Â 000, 2Â 610Â 000, 2Â 752Â 000, 2Â 752Â 000, 2Â 033Â 000, 2Â 589Â 000, 2Â 053Â 000, 2Â 474Â 000, 2Â 692Â 000, 2Â 692Â 000, 2Â 156Â 000, 2Â 156Â 000, 2Â 119Â 000, 2Â 692Â 000, 2Â 610Â 000, 2Â 775Â 000, 2Â 474Â 000, 2Â 890Â 000, 2Â 119Â 000, 2Â 459Â 000, 2Â 732Â 000, 2Â 594Â 000, 2Â 940Â 000, 2Â 459Â 000, 2Â 119Â 000, 2Â 594Â 000, 2Â 098Â 000, 2Â 119Â 000, 2Â 738Â 000, 2Â 738Â 000, 2Â 636Â 000, 2Â 610Â 000, 2Â 459Â 000, 2Â 225Â 000, 2Â 133Â 000, 2Â 769Â 000, 2Â 504Â 000, "

"2021-11-24 16:19:43";"https://daniel.haxx.se/blog/2020/03/01/imagining-a-thread-safe-curl_global_init/";"libcurl is thread-safe, But, curl_global_init, The problems, Third parties shaped up, we didn&#8217;t, Fix it!, Left to do until completely thread-safe, When?, Credits, "
"2021-11-24 16:19:46";"https://www.avito.ru/sankt-peterburg/avtomobili/mazda/cx-5-ASgBAgICAkTgtg3mmCjitg2Uoyg?cd=1&radius=0";"2Â 692Â 000, 2Â 692Â 000, 2Â 156Â 000, 2Â 156Â 000, 2Â 059Â 000, 2Â 059Â 000, 2Â 752Â 000, 2Â 692Â 000, 2Â 692Â 000, 2Â 033Â 000, 2Â 589Â 000, 2Â 053Â 000, 2Â 053Â 000, 2Â 610Â 000, 2Â 775Â 000, 2Â 775Â 000, 2Â 610Â 000, 2Â 610Â 000, 2Â 474Â 000, 2Â 119Â 000, 2Â 692Â 000, 2Â 775Â 000, 2Â 890Â 000, 2Â 474Â 000, 2Â 119Â 000, 2Â 459Â 000, 2Â 732Â 000, 2Â 594Â 000, 2Â 940Â 000, 2Â 459Â 000, 2Â 119Â 000, 2Â 098Â 000, 2Â 594Â 000, 2Â 119Â 000, 2Â 738Â 000, 2Â 738Â 000, 2Â 636Â 000, 2Â 610Â 000, 2Â 459Â 000, 2Â 225Â 000, 2Â 769Â 000, 2Â 775Â 000, 2Â 133Â 000, 2Â 043Â 000, 2Â 480Â 000, 2Â 504Â 000, "

